{"intents": [{"tag": "career_options", "patterns": ["What are some career options after high school?", "What can I do after 12th grade?", "Career choices after school", "What careers can I pursue?"], "responses": ["You can pursue careers in fields like engineering, medicine, law, business, arts, and more. It depends on your interests and the subjects you have studied."]}, {"tag": "engineering_careers", "patterns": ["What careers can I pursue with an engineering degree?", "Jobs for engineering graduates", "Career options after engineering"], "responses": ["Engineering graduates can work in fields like software development, civil engineering, mechanical design, electrical engineering, and more."]}, {"tag": "medical_careers", "patterns": ["What careers are available in the medical field?", "Medical career options", "What can I do with a medical degree?"], "responses": ["With a medical degree, you can become a doctor, nurse, pharmacist, medical researcher, or healthcare administrator, among other options."]}, {"tag": "arts_careers", "patterns": ["What careers can I pursue in the arts?", "Jobs in the arts field", "Career options after studying arts"], "responses": ["In the arts, you can pursue careers in graphic design, fine arts, teaching, writing, filmmaking, and more."]}, {"tag": "business_careers", "patterns": ["What are some career options in business?", "Jobs in business", "What can I do with a business degree?"], "responses": ["A business degree can lead to careers in management, marketing, finance, entrepreneurship, human resources, and consulting."]}, {"tag": "career_advice", "patterns": ["Can you give me some career advice?", "What career should I choose?", "How do I decide on a career?"], "responses": ["Choosing a career depends on your interests, strengths, and goals. Consider what subjects you enjoy, what skills you have, and what kind of work environment you prefer."]}, {"tag": "career_change", "patterns": ["How can I change my career?", "What should I do if I want to switch careers?", "Is it too late to change my career?"], "responses": ["It's never too late to change careers. Start by identifying what new career you'd like, gaining the necessary skills or education, and then applying for relevant positions."]}, {"tag": "resume_tips", "patterns": ["How do I write a good resume?", "Resume writing tips", "What should I include in my resume?"], "responses": ["A good resume should include your contact information, a summary of your qualifications, work experience, education, and any relevant skills or certifications."]}, {"tag": "interview_tips", "patterns": ["How do I prepare for a job interview?", "Interview preparation tips", "What should I do to succeed in an interview?"], "responses": ["Prepare for a job interview by researching the company, practicing common interview questions, dressing professionally, and being ready to discuss your qualifications and experience."]}, {"tag": "career_growth", "patterns": ["How can I grow in my career?", "Tips for career advancement", "How do I get promoted?"], "responses": ["To grow in your career, focus on continuous learning, building a strong professional network, seeking mentorship, and consistently delivering high-quality work."]}, {"tag": "freelancing", "patterns": ["How do I start freelancing?", "Is freelancing a good career?", "What are the pros and cons of freelancing?"], "responses": ["Freelancing can be a rewarding career with flexibility and independence. Start by identifying your skills, creating a portfolio, and networking to find clients."]}, {"tag": "tech_careers", "patterns": ["What careers are there in technology?", "Jobs in the tech industry", "What can I do with a computer science degree?"], "responses": ["In technology, you can pursue careers in software development, data science, cybersecurity, IT support, and more."]}, {"tag": "law_careers", "patterns": ["What can I do with a law degree?", "Career options in law", "Jobs for law graduates"], "responses": ["With a law degree, you can become a lawyer, legal advisor, judge, or work in corporate law, legal research, or public policy."]}, {"tag": "education_careers", "patterns": ["What careers can I pursue in education?", "Jobs in the education sector", "Career options for teachers"], "responses": ["In education, you can work as a teacher, educational administrator, counselor, curriculum developer, or educational consultant."]}, {"tag": "internships", "patterns": ["How do I find internships?", "Tips for getting an internship", "Are internships important for my career?"], "responses": ["Internships are a great way to gain experience and build your resume. Look for opportunities through your school, job boards, and networking."]}, {"tag": "soft_skills", "patterns": ["What are soft skills?", "Why are soft skills important?", "How can I improve my soft skills?"], "responses": ["Soft skills include communication, teamwork, problem-solving, and adaptability. They are important for career success and can be improved through practice and feedback."]}, {"tag": "networking", "patterns": ["How do I network effectively?", "Why is networking important?", "Tips for professional networking"], "responses": ["Networking is important for career growth. Attend industry events, connect with professionals on LinkedIn, and seek out mentors to build your network."]}, {"tag": "career_resources", "patterns": ["What are some good career resources?", "Where can I find career information?", "Career guidance resources"], "responses": ["You can find career resources online, such as job boards, career counseling services, and professional organizations in your field."]}, {"tag": "work_life_balance", "patterns": ["How do I achieve work-life balance?", "Tips for managing work and life", "Is work-life balance important?"], "responses": ["Achieving work-life balance involves setting boundaries, prioritizing tasks, and making time for personal activities and self-care."]}, {"tag": "career_transitions", "patterns": ["How do I transition to a new career?", "Tips for career transitions", "Changing careers successfully"], "responses": ["Career transitions require planning, upskilling, and often networking. Identify the skills needed for your new career and take steps to acquire them."]}, {"tag": "job_search", "patterns": ["How do I search for jobs?", "Job search tips", "Where can I find job openings?"], "responses": ["Job search strategies include using online job boards, networking, attending job fairs, and reaching out to companies directly."]}, {"tag": "interview_questions", "patterns": ["What are common interview questions?", "Questions to expect in an interview", "How should I answer interview questions?"], "responses": ["Common interview questions include 'Tell me about yourself,' 'Why do you want this job?' and 'What are your strengths and weaknesses?'. Practice your answers beforehand."]}, {"tag": "career_assessment", "patterns": ["How can I assess my career options?", "Career assessment tools", "How do I know what career is right for me?"], "responses": ["Career assessments like personality tests, skills inventories, and interest surveys can help you identify suitable career paths."]}, {"tag": "job_offers", "patterns": ["How do I evaluate a job offer?", "Should I accept this job?", "Negotiating job offers"], "responses": ["Consider factors like salary, benefits, work culture, and growth opportunities when evaluating a job offer. Don't be afraid to negotiate if needed."]}, {"tag": "salary_expectations", "patterns": ["What should my salary expectations be?", "How do I determine my salary?", "What salary should I ask for?"], "responses": ["Research industry standards for your role and experience level to determine appropriate salary expectations. You can also use salary calculators online."]}, {"tag": "career_goal_setting", "patterns": ["How do I set career goals?", "Career goal examples", "Why is goal setting important?"], "responses": ["Setting career goals helps you stay focused and motivated. Make sure your goals are specific, measurable, achievable, relevant, and time-bound (SMART)."]}, {"tag": "industry_trends", "patterns": ["What are the latest industry trends?", "Industry trends in my field", "How can I stay updated on industry trends?"], "responses": ["Stay updated on industry trends by reading professional journals, attending conferences, and following industry leaders on social media."]}]}